{
  "entityType": "Ejerlejlighed",
  "attributes": {
    "forretningshaendelse": "Load(forretningshaendelse)",
	"forretningsomraade": "Load(forretningsomraade)",
	"forretningsproces": "Load(forretningsproces)",
	"id_namespace": "Load(id_namespace)",
	"id_lokalId": "Load(id_lokalId)",
	"paataenktHandling": "Load(paataenktHandling)",
	"registreringFra": "Load(registreringFra)",
    "registreringTil": "Load(registreringTil)",
	"registreringsaktoer": "Load(registreringsaktoer)",
	"status": "Load(status)",
	"virkningFra": "Load(virkningFra)",
	"virkningTil": "Load(virkningTil)",
	"virkningsaktoer": "Load(virkningsaktoer)",
	"senesteSagLokalId": "Load(senesteSagLokalId)",
	"BFEnummer": "Load(BFEnummer)",	
	"ejerlejlighedskort": "Load(ejerlejlighedskort)",
	"ejerlejlighedsnummer": "Load(ejerlejlighedsnummer)",
	"fordelingstalNaevner": "Load(fordelingstalNaevner)",
	"fordelingstalTaeller": "Load(fordelingstalTaeller)",
	"iBygningPaaFremmedGrund": "Load(iBygningPaaFremmedGrund)",
	"samletAreal": "Load(samletAreal)",
	"SamletFastEjendomBFEnummer": "Load(samletFastEjendomLokalId)",
	"bygningPaaFremmedGrundFladeBFEnummer": "Load(b_BygningPaaFremmedGrundFladeLokalId)",
	"bygningPaaFremmedGrundPunktBFEnummer": "Load(b_BygningPaaFremmedGrundPunktLokalId)"
  }
}

