{
  "entityType": "Jordstykke",
  "attributes": {
    "forretningshaendelse": "Load(forretningshaendelse)",
	"forretningsomraade": "Load(forretningsomraade)",
	"forretningsproces": "Load(forretningsproces)",
	"id_namespace": "Load(id_namespace)",
	"id_lokalId": "Load(id_lokalId)",
	"paataenktHandling": "Load(paataenktHandling)",
	"registreringFra": "Load(registreringFra)",
    "registreringTil": "Load(registreringTil)",
	"registreringsaktoer": "Load(registreringsaktoer)",
	"status": "Load(status)",
	"virkningFra": "Load(virkningFra)",
	"virkningTil": "Load(virkningTil)",
	"virkningsaktoer": "Load(virkningsaktoer)",
	"senesteSagLokalId": "Load(senesteSagLokalId)",
	"arealberegningsmetode": "Load(arealberegningsmetode)",	
	"arealbetegnelse": "Load(arealbetegnelse)",
	"arealtype": "Load(arealtype)",
	"brugsretsareal": "Load(brugsretsareal)",
	"delnummer": "Load(delnummer)",
	"faelleslod": "Load(faelleslod)",
	"matrikelnummer": "Load(matrikelnummer)",
	"registreretAreal": "Load(registreretAreal)",
	"vandarealinkludering": "Load(vandarealinkludering)",
	"vejareal": "Load(vejareal)",
	"vejarealberegningsstatus": "Load(vejarealberegningsstatus)",
	"fredskov_fredskovsareal": "Load(fredskov_fredskovsareal)",
	"fredskov_omfang": "Load(fredskov_omfang)",
	"jordrente_omfang": "Load(jordrente_omfang)",
	"klitfredning_klitfredningsareal": "Load(klitfredning_klitfredningsarea)",
	"klitfredning_omfang": "Load(klitfredning_omfang)",
	"majoratsskov_majoratsskovsnummer": "Load(majoratsskov_majoratsskovsnumm)",
	"majoratsskov_omfang": "Load(majoratsskov_omfang)",
	"strandbeskyttelse_omfang": "Load(strandbeskyttelse_omfang)",
	"strandbeskyttelse_strandbeskyttelsesareal": "Load(strandbeskyttelse_strandbeskyt)",
	"samletFastEjendomBFEnummer": "Load(samletFastEjendomLokalId)",
	"skelforretningssagsLokalId": "Load(skelforretningssagsLokalId)",
	"stammerFraJordstykkeLokalId": "Load(stammerFraJordstykkeLokalId)",
	"supplerendeMaalingSagLokalId": "Load(supplerendeMaalingSagLokalId)",
	"ejerlavskode": "Load(ejerlavLokalId)",
	"sognekode": "Load(sognLokalId)",
	"kommunekode": "Load(kommuneLokalId)",
	"regionskode": "Load(regionLokalId)"
  }
}

