<?xml version="1.0" encoding="utf-8"?>
<SamletFastEjendom xmlns:xsi="http://www.w3.org/2001/XMLSchema-instance">
	<forretningshaendelse>Load(forretningshaendelse)</forretningshaendelse>
	<forretningsomraade>Load(forretningsomraade)</forretningsomraade>
	<forretningsproces>Load(forretningsproces)</forretningsproces>
	<id_namespace>Load(id_namespace)</id_namespace>
	<id_lokalId>Load(id_lokalId)</id_lokalId>
	<paataenktHandling>Load(paataenktHandling)</paataenktHandling>
	<registreringFra>Load(registreringFra)</registreringFra>
	<registreringsaktoer>Load(registreringsaktoer)</registreringsaktoer>
	<registreringTil>Load(registreringTil)</registreringTil>
	<status>Load(status)</status>
	<virkningFra>Load(virkningFra)</virkningFra>
	<virkningsaktoer>Load(virkningsaktoer)</virkningsaktoer>
	<virkningTil>Load(virkningTil)</virkningTil>
	<BFEnummer>Load(BFEnummer)</BFEnummer>
	<arbejderbolig>Load(arbejderbolig)</arbejderbolig>
	<erFaelleslod>Load(erFaelleslod)</erFaelleslod>
	<hovedejendomOpdeltIEjerlejligh>Load(hovedejendomOpdeltIEjerlejligh)</hovedejendomOpdeltIEjerlejligh>
	<landbrugsnotering>Load(landbrugsnotering)</landbrugsnotering>
	<udskiltVej>Load(udskiltVej)</udskiltVej>
	<senesteSagLokalId>Load(senesteSagLokalId)</senesteSagLokalId>
</SamletFastEjendom>

