{
  "$schema": "http://json-schema.org/draft-04/schema#",
  "type": "object",
  "description" : "PersonMedium - DLS Version 3.2",
  "properties": {
    "Personer": {
      "title" : "Personer",
      "type" : "array",
      "items" : {
        "type" : "object",
        "properties" : {
          "Person" : {
            "type" : "object",
            "title" : "Person",
            "properties" : {
              "id": {
                "title": "id",
                "description": "EAID_9AB90AE0_9F85_4164_9B25_8EB2139D65A5",
                "type": "string"
              },
              "cprfoedselsregistreringsstedskode" : {
                "title" : "cprfoedselsregistreringsstedskode",
                "type" : "string",
                "description" : "EAID_890B9C20_B2B8_4930_A344_EED0AF95E2F2"
              },
              "cprfoedselsregistreringsstedsnavn" : {
                "title" : "cprfoedselsregistreringsstedsnavn",
                "type" : "string",
                "description" : "EAID_F0A1C86C_88C4_45c6_9B69_28BB45A4702F"
              },
              "supplerendeFoedselsregistreringssted" : {
                "title" : "supplerendeFoedselsregistreringssted",
                "type" : ["string","null"],
                "description" : "EAID_218AD03D_4161_4849_BACE_DBFEB26F6113"
              },
              "foedselsdato": {
                "$ref": "CPR_definitioner.json#/definitions/foedselsdato",
                "description" : "EAID_73A30E1A_3B25_4e2a_A0A0_3CFA34BBB97B"
              },
              "foedselsdatoUsikkerhedsmarkering": {
                "title": "foedselsdatoUsikkerhedsmarkering",
                "description": "EAID_01234969_FFF0_4963_873C_711C364B53A7",
                "type": "boolean"
              },
              "koen": {
                "title": "koen",
                "description": "EAID_dstF7A403_40CF_47c0_B8E8_819BC58A1DC4",
                "type": "string",
                "enum": [
                  "kvinde",
                  "mand"
                ]
              },
              "stilling" :  {
                "title" : "stilling",
                "description" : "EAID_9581CAC7_2F9F_4426_9EC6_3767FA27ECB4",
                "type" : ["string","null"]
              },
              "statusdato": {
                "title": "statusdato",
                "description": "EAID_1CB4F47F_E13B_4440_9297_8F25FEC71C49",
                "type": "string",
                "format": "date-time"
              },
              "statusdatoUsikkerhedsmarkering": {
                "title": "statusdatoUsikkerhedsmarkering",
                "description": "EAID_EFF81ED0_3AE0_4535_B0B5_AC4F29FDD5A7",
                "type": "boolean"
              },
              "status": {
                "$ref" : "CPR_definitioner.json#/definitions/PersonStatus",
                "description" : "EAID_dstB8BFA9_D6E2_43e8_AF38_A6C1F0174C5A"
              },
              "Beskyttelser": {
                "type": "array",
                "items": {
                  "type": "object",
                  "properties": {
                    "Beskyttelse": {
                      "$ref" : "CPR_definitioner.json#/definitions/Beskyttelse",
                      "description" : "EAID_dst8F2337_8084_47ad_87AD_6661D7ACDDB5"
                    }
                  }
                }
              },
              "Personnumre": {
                "type": "array",
                "items": {
                  "type": "object",
                  "properties": {
                    "Personnummer": {
                      "$ref" : "CPR_definitioner.json#/definitions/Personnummer",
                      "description" : "EAID_665E1A38_7A6A_41ab_A32B_B0DACA10757E"
                    }
                  },
                  "required": [
                    "Personnummer"
                  ]
                }
              },
              "Navne" : {
                "title" : "Navne",
                "type" : "array",
                "items" : {
                  "type" : "object",
                  "properties" : {
                    "Navn": {
                      "$ref": "CPR_definitioner.json#/definitions/Navn",
                      "description": "EAID_dstE45817_FD1E_4a55_A20E_0A3EEBC580F0"
                    }
                  }
                }
              },
              "UdrejseIndrejser" : {
                "title" : "UdrejseIndrejser",
                "type" : "array",
                "items" : {
                  "type" : "object",
                  "properties" : {
                    "UdrejseIndrejse": {
                      "$ref": "CPR_definitioner.json#/definitions/UdrejseIndrejse",
                      "description": "EAID_dst0CFADD_06AD_4f98_B616_33D3716849E1"
                    }
                  }
                }
              },
              "Adresseoplysninger": {
                "title" : "Adresseoplysninger",
                "type" : "array",
                "items" : {
                  "type" : "object",
                  "properties" : {
                    "Adresseoplysninger" : {
                      "$ref": "CPR_definitioner.json#/definitions/Adresseoplysninger",
                      "description": "EAID_dst56392A_9FBF_4da9_8527_FBE1B63C7EDA"
                    }
                  }
                }
              }
            },
            "additionalProperties" : false,
            "required" : ["id","foedselsdato", "foedselsdatoUsikkerhedsmarkering","koen","status","statusdato","statusdatoUsikkerhedsmarkering", "Personnumre"]
          }
        },
        "required" : ["Person"]
      }
    }
  },
  "required" : ["Personer"]
}
