{
    "$schema": "http://json-schema.org/draft-04/schema#",
    "title": "Ejerskab",
    "description": "EAID_422EE0E4_C1B2_4dc0_A1DD_88F37B725096",
    "type": ["object","null"],
    "properties": {
        "features": {
            "items": {
                "properties": {
                    "properties": {
                        "properties": {
                            "bestemtFastEjendomBFENr": {
                                "description": "EAID_dst911481_AA7A_425a_8B3D_DA1AE8630B36",
                                "title": "bestemtFastEjendomBFENr",
                                "type": "integer"
                            },
                            "DARadresse": {
                                "$ref": "DAR/Adresse.json#",
                                "description": "Denne anvendes hvis der er ejeroplysninger, ejendePerson eller ejendeVirksomhed indeholder en reference til en DAR adresse",
                                "title": "DARadresse"
                            },
                            "administratoroplysninger": {
                                "$ref": "personellervirksomhedsoplysning.json#",
                                "description": "Anvendes, når administrator ikke er i CPR eller CVR",
                                "title": "administratoroplysninger"
                            },
                            "administrerendePerson": {
                                "$ref": "CPR/PersonSimpel.json#",
                                "description": "Anvendes når administrator er en person i CPR",
                                "title": "administrerendePerson"
                            },
                            "administrerendeProduktionsenhed": {
                                "$ref": "CVR/ProduktionsenhedSimpel.json#",
                                "description": "Anvendes når administrator er en produktionsenhed i CVR",
                                "title": "administrerendeProduktionsenhed"
                            },
                            "administrerendeVirksomhed": {
                                "$ref": "CVR/VirksomhedSimpel.json#",
                                "description": "Anvendes når administrator er en virksomhed i CVR",
                                "title": "administrerendeVirksomhed"
                            },
                            "begraensning": {
                                "description": "EAID_A4BFDABD_4993_4654_A8FD_CDB60B9A89A4",
                                "title": "begraensning",
                                "type": ["boolean","null"]
                            },
                            "behandlingsID": {
                                "description": "EAID_A7C68DBB_D219_40c4_84A4_8BCF63D9C26B",
                                "title": "behandlingsID",
                                "type": "string"
                            },
                            "ejendePerson": {
                                "$ref": "CPR/PersonSimpel.json#",
                                "description": "Anvendes når ejer er en person i CPR",
                                "title": "ejendePerson"
                            },
                            "ejendeVirksomhed": {
                                "$ref": "CVR/VirksomhedSimpel.json#",
                                "description": "Anvendes når ejer er en virksomhed i CVR",
                                "title": "ejendeVirksomhed"
                            },
                            "ejerforholdskode": {
                                "description": "EAID_1910B76C_A9D5_4e34_9A1D_495F70E4D887",
                                "enum": [
                                    "10",
                                    "20",
                                    "30",
                                    "40",
                                    "41",
                                    "50",
                                    "60",
                                    "70",
                                    "80",
                                    "90",
                                    "99"
                                ],
                                "title": "ejerforholdskode",
                                "type": "string"
                            },
                            "ejeroplysninger": {
                                "$ref": "personellervirksomhedsoplysning.json#",
                                "description": "Anvendes, når ejer ikke er i CPR eller CVR",
                                "title": "ejeroplysninger"
                            },
                            "ejetFoer01071998": {
                                "description": "EAID_2E6C5DAC_516D_488a_866E_DF247291610D",
                                "title": "ejetFoer01071998",
                                "type": "boolean"
                            },
                            "faktiskEjerandel_naevner": {
                                "description": "EAID_73EA95A7_5898_4baa_9E07_75AB0397FF92.EAID_B48E7EF3_99F8_464c_A5E0_6A3BC71D0895",
                                "title": "faktiskEjerandel_naevner",
                                "type": "integer"
                            },
                            "faktiskEjerandel_taeller": {
                                "description": "EAID_73EA95A7_5898_4baa_9E07_75AB0397FF92.EAID_F4081119_31CD_4e24_8DAE_56481EBB68C1",
                                "title": "faktiskEjerandel_taeller",
                                "type": "integer"
                            },
                            "forretningshaendelse": {
                                "description": "EAID_EDB900B1_E09F_41af_9925_81793C8AD137",
                                "enum": [
                                    "Ejerskifte tilbageført",
                                    "Landsdækkende kørsel",
                                    "Opdatering af ejendomsadministrator",
                                    "Annulleret personnummer",
                                    "Personnummer nedlagt pga. dobbeltregistrering",
                                    "Person død",
                                    "Person udrejst",
                                    "Person forsvundet",
                                    "Opdatering af administrator for person eller virksomhed",
                                    "Opdatering af ejer uden registreret CPR- eller CVR nummer",
                                    "Ophør af en produktionsenhed",
                                    "Ophør af virksomhed",
                                    "Skift af virksomhedsform",
                                    "Administrator af ejerskab",
                                    "Ægtepagt adkomst",
                                    "Aflysning af betinget skøde",
                                    "Aflyst eller annulleret ejerskab",
                                    "Anden adkomst",
                                    "Auktionsskøde",
                                    "Betinget bodeling",
                                    "Betinget skøde",
                                    "Bodeling",
                                    "Ejendomsdom",
                                    "Indberettet ejerskifte",
                                    "Endelig indførsel adkomst",
                                    "Endeligt skøde",
                                    "Hævd",
                                    "Kopieret ejerskab til ny ejendom",
                                    "Meddelelse fast ejendom adkomst",
                                    "Meddelelse om tvangsauktion",
                                    "Navneændring",
                                    "Opdatering af person- eller virksomhedsoplysninger",
                                    "Opretning af ejerandele",
                                    "Oprettet ejerskab af ny ejendom",
                                    "Rettelse af ejerskab",
                                    "Skifteretsattest",
                                    "SkifteretsattestÆgtefælle",
                                    "Ukendt - konverteret fra ESR"
                                ],
                                "title": "forretningshaendelse",
                                "type": "string"
                            },
                            "forretningsomraade": {
                                "description": "EAID_C2D4C015_3079_4907_A85B_B2A4D66188BE",
                                "enum": [
                                    "54.15"
                                ],
                                "title": "forretningsomraade",
                                "type": "string"
                            },
                            "forretningsproces": {
                                "description": "EAID_6E09BC0B_4FEB_4fe5_9D75_A0A0A1D121B7",
                                "enum": [
                                    "Hændelse fra Digital Tinglysning",
                                    "Konvertering fra ESR",
                                    "Landsdækkende kørsel",
                                    "Manuel opdatering",
                                    "Hændelse fra CPR",
                                    "Hændelse fra CVR",
                                    "Opdatering fra Matriklen",
                                    "Opdatering fra Skifte- eller Fogedret"
                                ],
                                "title": "forretningsproces",
                                "type": "string"
                            },
                            "id_lokalId": {
                                "description": "EAID_42EEFD36_07DE_48e5_AF47_A3302D9EDEF5.EAID_9AB90AE0_9F85_4164_9B25_8EB2139D65A5",
                                "title": "id_lokalId",
                                "type": "string"
                            },
                            "id_namespace": {
                                "description": "EAID_42EEFD36_07DE_48e5_AF47_A3302D9EDEF5.EAID_6CEB0356_5CBF_4159_B96B_A2489DD2DAC8",
                                "title": "id_namespace",
                                "type": "string"
                            },
                            "primaerKontakt": {
                                "description": "EAID_907CD008_A727_4260_BD0F_EF47C23A9829",
                                "title": "primaerKontakt",
                                "type": "boolean"
                            },
                            "registreringFra": {
                                "description": "EAID_76A43210_69E9_4a22_8D1F_A4CBCF5D362D",
                                "format": "date-time",
                                "title": "registreringFra",
                                "type": "string"
                            },
                            "registreringTil": {
                                "description": "EAID_E41A79F3_7D5D_4314_AA49_2610AFC92738",
                                "format": "date-time",
                                "title": "registreringTil",
                                "type": ["string","null"]
                            },
                            "registreringsaktoer": {
                                "description": "EAID_F6836D58_7AD0_404b_920E_FD8764511D5A",
                                "title": "registreringsaktoer",
                                "type": "string"
                            },
                            "status": {
                                "description": "EAID_5DF93B9F_50AA_49aa_9481_F04517799FFF",
                                "enum": [
                                    "gældende",
                                    "tilbagerullet",
                                    "historisk"
                                ],
                                "title": "status",
                                "type": "string"
                            },
                            "tinglystEjerandel_naevner": {
                                "description": "EAID_D8EF2154_5CF4_493d_9CBE_6D3FB667563F.EAID_B48E7EF3_99F8_464c_A5E0_6A3BC71D0895",
                                "title": "tinglystEjerandel_naevner",
                                "type": ["integer","null"]
                            },
                            "tinglystEjerandel_taeller": {
                                "description": "EAID_D8EF2154_5CF4_493d_9CBE_6D3FB667563F.EAID_F4081119_31CD_4e24_8DAE_56481EBB68C1",
                                "title": "tinglystEjerandel_taeller",
                                "type": ["integer","null"]
                            },
                            "virkningFra": {
                                "description": "EAID_DB0ADB0B_AEF4_4c51_846D_D3404DC85449",
                                "format": "date-time",
                                "title": "virkningFra",
                                "type": "string"
                            },
                            "virkningTil": {
                                "description": "EAID_06091801_5AC6_4262_825D_0B4C2FA3D57C",
                                "format": "date-time",
                                "title": "virkningTil",
                                "type": ["string","null"]
                            },
                            "virkningsaktoer": {
                                "description": "EAID_96D2147C_1A0D_45cf_85B2_5C8F69EB084D",
                                "title": "virkningsaktoer",
                                "type": "string"
                            }
                        },
                        "type": "object"
                    },
                    "type": {
                        "enum": ["Feature"],
                        "default": "Feature",
                        "type": "string"
                    }
                },
                "type": "object"
            },
            "type": "array"
        },
        "type": {
            "enum": ["FeatureCollection"],
            "default": "FeatureCollection",
            "type": "string"
        }
    },
    "required": [
        "type",
        "features"
    ]
}