<?xml version="1.0" encoding="utf-8"?>
<Ejendomsadministrator xmlns="http://data.gov.dk/schemas/ejerfortegnelsen/1/payload/Ejendomsadministrator" xmlns:xsi="http://www.w3.org/2001/XMLSchema-instance">
	<id_namespace>Load(id_namespace)</id_namespace>
	<id_lokalId>Load(id_lokalId)</id_lokalId>
	<forretningshaendelse>Load(forretningshaendelse)</forretningshaendelse>
	<forretningsomraade>Load(forretningsomraade)</forretningsomraade>
	<forretningsproces>Load(forretningsproces)</forretningsproces>
	<status>Load(status)</status>
	<registreringFra>Load(registreringFra)</registreringFra>
	<registreringTil>Load(registreringTil)</registreringTil>
	<registreringsaktoer>Load(registreringsaktoer)</registreringsaktoer>
	<virkningFra>Load(virkningFra)</virkningFra>
	<virkningTil>Load(virkningTil)</virkningTil>
	<virkningsaktoer>Load(virkningsaktoer)</virkningsaktoer>
	<personEllerVirksomhedLokalId>Load(personEllerVirksomhedLokalId)</personEllerVirksomhedLokalId>
	<bestemtFastEjendomBFENr>Load(bestemtFastEjendomBFENr)</bestemtFastEjendomBFENr>
	<produktionsenhedPNr>Load(produktionsenhedPNr)</produktionsenhedPNr>
	<personPersonNr>Load(personPersonNr)</personPersonNr>
	<virksomhedCVRNr>Load(virksomhedCVRNr)</virksomhedCVRNr>
	<behandlingsID>Load(behandlingsID)</behandlingsID>
</Ejendomsadministrator>
