{
  "entityType": "Ejendomsadministrator",
  "attributes": {
    "forretningshaendelse": "Load(forretningshaendelse)",
	"forretningsomraade": "Load(forretningsomraade)",
	"forretningsproces": "Load(forretningsproces)",
	"id_namespace": "Load(id_namespace)",
	"id_lokalId": "Load(id_lokalId)",
	"registreringFra": "Load(registreringFra)",
    "registreringTil": "Load(registreringTil)",
	"registreringsaktoer": "Load(registreringsaktoer)",
	"status": "Load(status)",
	"virkningFra": "Load(virkningFra)",
	"virkningTil": "Load(virkningTil)",
	"virkningsaktoer": "Load(virkningsaktoer)",
	"behandlingsID": "Load(behandlingsID)",
	"bestemtFastEjendomBFENr": "Load(bestemtFastEjendomBFENr)",
	"produktionsenhedPNr": "Load(produktionsenhedPNr)",
	"virksomhedCVRNr": "Load(virksomhedCVRNr)",
	"personEllerVirksomhedLokalId": "Load(personEllerVirksomhedLokalId)",
	"personPersonNr": "Load(personPersonNr)"
  }
}

