<?xml version="1.0" encoding="utf-8"?>
<Ejerskifte xmlns="http://data.gov.dk/schemas/ejerfortegnelsen/1/payload/Ejerskifte" xmlns:xsi="http://www.w3.org/2001/XMLSchema-instance">
	<id_namespace>Load(id_namespace)</id_namespace>
	<id_lokalId>Load(id_lokalId)</id_lokalId>
	<forretningshaendelse>Load(forretningshaendelse)</forretningshaendelse>
	<forretningsomraade>Load(forretningsomraade)</forretningsomraade>
	<forretningsproces>Load(forretningsproces)</forretningsproces>
	<status>Load(status)</status>
	<registreringFra>Load(registreringFra)</registreringFra>
	<registreringTil>Load(registreringTil)</registreringTil>
	<registreringsaktoer>Load(registreringsaktoer)</registreringsaktoer>
	<virkningFra>Load(virkningFra)</virkningFra>
	<virkningTil>Load(virkningTil)</virkningTil>
	<virkningsaktoer>Load(virkningsaktoer)</virkningsaktoer>
	<anmeldelsesidentifikator>Load(anmeldelsesidentifikator)</anmeldelsesidentifikator>
	<betinget>Load(betinget)</betinget>
	<fristDato>Load(fristDato)</fristDato>
	<overtagelsesdato>Load(overtagelsesdato)</overtagelsesdato>
	<anmeldelsesdato>Load(anmeldelsesdato)</anmeldelsesdato>
	<overdragelsesmaade>Load(overdragelsesmaade)</overdragelsesmaade>
	<bestemtFastEjendomBFENr>Load(bestemtFastEjendomBFENr)</bestemtFastEjendomBFENr>
	<handelsoplysningerLokalId>Load(handelsoplysningerLokalId)</handelsoplysningerLokalId>
	<behandlingsID>Load(behandlingsID)</behandlingsID>
	<ejerskabsskifter>
		<status>Load(ejerskabsskifte_status)</status>
		<afstaaetAndel_taeller>Load(afstaaetAndel_taeller)</afstaaetAndel_taeller>
		<afstaaetAndel_naevner>Load(afstaaetAndel_naevner)</afstaaetAndel_naevner>
		<modtagetAndel_taeller>Load(modtagetAndel_taeller)</modtagetAndel_taeller>
		<modtagetAndel_naevner>Load(modtagetAndel_naevner)</modtagetAndel_naevner>
	</ejerskabsskifter>
	<ejerskaber>
		<id_lokalId>Load(ejerskab_id_lokalId)</id_lokalId>
		<status>Load(ejerskab_status)</status>
		<begraensning>Load(begraensning)</begraensning>
		<ejerforholdskode>Load(ejerforholdskode)</ejerforholdskode>
		<ejetFoer01071998>Load(ejetFoer01071998)</ejetFoer01071998>
		<faktiskEjerandel_taeller>Load(faktiskEjerandel_taeller)</faktiskEjerandel_taeller>
		<faktiskEjerandel_naevner>Load(faktiskEjerandel_naevner)</faktiskEjerandel_naevner>
		<tinglystEjerandel_taeller>Load(tinglystEjerandel_taeller)</tinglystEjerandel_taeller>
		<tinglystEjerandel_naevner>Load(tinglystEjerandel_naevner)</tinglystEjerandel_naevner>
		<primaerKontakt>Load(primaerKontakt)</primaerKontakt>
		<ejesAfPerson>Load(ejesAfPerson)</ejesAfPerson>
		<ejesAfVirksomhed>Load(ejesAfVirksomhed)</ejesAfVirksomhed>
		<ejesAfPVOplysning>Load(ejesAfPVOplysning)</ejesAfPVOplysning>						
		<adminPerson>Load(adminPerson)</adminPerson>
		<adminVirksomhed>Load(adminVirksomhed)</adminVirksomhed>
		<adminPVOplysning>Load(adminPVOplysning)</adminPVOplysning>
		<adminPEnhed>Load(adminPEnhed)</adminPEnhed>
	</ejerskaber>
</Ejerskifte>
