{
  "entityType": "Ejerskab",
  "attributes": {
    "forretningshaendelse": "Load(forretningshaendelse)",
	"forretningsomraade": "Load(forretningsomraade)",
	"forretningsproces": "Load(forretningsproces)",
	"id_namespace": "Load(id_namespace)",
	"id_lokalId": "Load(id_lokalId)",
	"registreringFra": "Load(registreringFra)",
    "registreringTil": "Load(registreringTil)",
	"registreringsaktoer": "Load(registreringsaktoer)",
	"status": "Load(status)",
	"virkningFra": "Load(virkningFra)",
	"virkningTil": "Load(virkningTil)",
	"virkningsaktoer": "Load(virkningsaktoer)",
	"behandlingsID": "Load(behandlingsID)",
	"begraensning": "Load(begraensning)",
	"ejerforholdskode": "Load(ejerforholdskode)",
	"ejetFoer01071998": "Load(ejetFoer01071998)",
	"faktiskEjerandel_taeller": "Load(faktiskEjerandel_taeller)",
	"faktiskEjerandel_naevner": "Load(faktiskEjerandel_naevner)",
	"primaerKontakt": "Load(primaerKontakt)",
	"tinglystEjerandel_taeller": "Load(tinglystEjerandel_taeller)",
	"tinglystEjerandel_naevner": "Load(tinglystEjerandel_naevner)",
	"bestemtFastEjendomBFENr": "Load(bestemtFastEjendomBFENr)",
	"produktionsenhedPNr": "Load(produktionsenhedPNr)",
	"administrerendeVirksomhedCVRNr": "Load(administrerendeVirksomhedCVRNr)",
	"ejendeVirksomhedCVRNr": "Load(ejendeVirksomhedCVRNr)",
	"ejendePersonPersonNR": "Load(ejendePersonPersonNR)",
	"administratoroplysLokalId": "Load(administratoroplysLokalId)",
	"ejeroplysningerLokalId": "Load(ejeroplysningerLokalId)",
	"administrerendePersonPersonNr": "Load(administrerendePersonPersonNr)"
  }
}

