{
    "attributes": {
        "anmeldelsesdato": "Load(anmeldelsesdato)",
        "anmeldelsesidentifikator": "Load(anmeldelsesidentifikator)",
        "behandlingsID": "Load(behandlingsID)",
        "bestemtFastEjendomBFENr": "Load(bestemtFastEjendomBFENr)",
        "betinget": "Load(betinget)",
        "ejerskaber": {
            "attributes": {
                "adminPEnhed": "Load(adminPEnhed)",
                "adminPVOplysning": "Load(adminPVOplysning)",
                "adminPerson": "Load(adminPerson)",
                "adminVirksomhed": "Load(adminVirksomhed)",
                "begraensning": "Load(begraensning)",
                "ejerforholdskode": "Load(ejerforholdskode)",
                "ejesAfPVOplysning": "Load(ejesAfPVOplysning)",
                "ejesAfPerson": "Load(ejesAfPerson)",
                "ejesAfVirksomhed": "Load(ejesAfVirksomhed)",
                "ejetFoer01071998": "Load(ejetFoer01071998)",
                "faktiskEjerandel_naevner": "Load(faktiskEjerandel_naevner)",
                "faktiskEjerandel_taeller": "Load(faktiskEjerandel_taeller)",
                "id_lokalId": "Load(ejerskab_id_lokalId)",
                "primaerKontakt": "Load(primaerKontakt)",
                "status": "Load(ejerskab_status)",
                "tinglystEjerandel_naevner": "Load(tinglystEjerandel_naevner)",
                "tinglystEjerandel_taeller": "Load(tinglystEjerandel_taeller)"
            },
            "entityType": "Ejerskaber"
        },
        "ejerskabsskifter": {
            "attributes": {
            	"status": "Load(ejerskabsskifte_status)",
                "afstaaetAndel_naevner": "Load(afstaaetAndel_naevner)",
                "afstaaetAndel_taeller": "Load(afstaaetAndel_taeller)",
                "modtagetAndel_naevner": "Load(modtagetAndel_naevner)",
                "modtagetAndel_taeller": "Load(modtagetAndel_taeller)"
            },
            "entityType": "Ejerskabsskifter"
        },
        "forretningshaendelse": "Load(forretningshaendelse)",
        "forretningsomraade": "Load(forretningsomraade)",
        "forretningsproces": "Load(forretningsproces)",
        "fristDato": "Load(fristDato)",
        "handelsoplysningerLokalId": "Load(handelsoplysningerLokalId)",
        "id_lokalId": "Load(id_lokalId)",
        "id_namespace": "Load(id_namespace)",
        "overdragelsesmaade": "Load(overdragelsesmaade)",
        "overtagelsesdato": "Load(overtagelsesdato)",
        "registreringFra": "Load(registreringFra)",
        "registreringTil": "Load(registreringTil)",
        "registreringsaktoer": "Load(registreringsaktoer)",
        "status": "Load(status)",
        "virkningFra": "Load(virkningFra)",
        "virkningTil": "Load(virkningTil)",
        "virkningsaktoer": "Load(virkningsaktoer)"
    },
    "entityType": "Ejerskifte"
}