<?xml version="1.0" encoding="utf-8"?>
<Ejerskab xmlns="http://data.gov.dk/schemas/ejerfortegnelsen/1/payload/Ejerskab" xmlns:xsi="http://www.w3.org/2001/XMLSchema-instance">
	<id_namespace>Load(id_namespace)</id_namespace>
	<id_lokalId>Load(id_lokalId)</id_lokalId>
	<forretningshaendelse>Load(forretningshaendelse)</forretningshaendelse>
	<forretningsomraade>Load(forretningsomraade)</forretningsomraade>
	<forretningsproces>Load(forretningsproces)</forretningsproces>
	<status>Load(status)</status>
	<registreringFra>Load(registreringFra)</registreringFra>
	<registreringTil>Load(registreringTil)</registreringTil>
	<registreringsaktoer>Load(registreringsaktoer)</registreringsaktoer>
	<virkningFra>Load(virkningFra)</virkningFra>
	<virkningTil>Load(virkningTil)</virkningTil>
	<virkningsaktoer>Load(virkningsaktoer)</virkningsaktoer>
	<begraensning>Load(begraensning)</begraensning>
	<ejerforholdskode>Load(ejerforholdskode)</ejerforholdskode>
	<ejetFoer01071998>Load(ejetFoer01071998)</ejetFoer01071998>
	<faktiskEjerandel_taeller>Load(faktiskEjerandel_taeller)</faktiskEjerandel_taeller>
	<faktiskEjerandel_naevner>Load(faktiskEjerandel_naevner)</faktiskEjerandel_naevner>
	<primaerKontakt>Load(primaerKontakt)</primaerKontakt>
	<tinglystEjerandel_taeller>Load(tinglystEjerandel_taeller)</tinglystEjerandel_taeller>
	<tinglystEjerandel_naevner>Load(tinglystEjerandel_naevner)</tinglystEjerandel_naevner>
	<administrerendeVirksomhedCVRNr>Load(administrerendeVirksomhedCVRNr)</administrerendeVirksomhedCVRNr>
	<ejendeVirksomhedCVRNr>Load(ejendeVirksomhedCVRNr)</ejendeVirksomhedCVRNr>
	<ejendePersonPersonNR>Load(ejendePersonPersonNR)</ejendePersonPersonNR>
	<produktionsenhedPNr>Load(produktionsenhedPNr)</produktionsenhedPNr>
	<administratoroplysLokalId>Load(administratoroplysLokalId)</administratoroplysLokalId>
	<ejeroplysningerLokalId>Load(ejeroplysningerLokalId)</ejeroplysningerLokalId>
	<bestemtFastEjendomBFENr>Load(bestemtFastEjendomBFENr)</bestemtFastEjendomBFENr>
	<administrerendePersonPersonNr>Load(administrerendePersonPersonNr)</administrerendePersonPersonNr>
	<behandlingsID>Load(behandlingsID)</behandlingsID>
</Ejerskab>
