{
	"entityType": "PersonVirksomhedsoplys",
	"attributes": {
		"forretningshaendelse": "Load(forretningshaendelse)",
		"forretningsomraade": "Load(forretningsomraade)",
		"forretningsproces": "Load(forretningsproces)",
		"id_namespace": "Load(id_namespace)",
		"id_lokalId": "Load(id_lokalId)",
		"registreringFra": "Load(registreringFra)",
		"registreringTil": "Load(registreringTil)",
		"registreringsaktoer": "Load(registreringsaktoer)",
		"status": "Load(status)",
		"virkningFra": "Load(virkningFra)",
		"virkningTil": "Load(virkningTil)",
		"virkningsaktoer": "Load(virkningsaktoer)",
		"behandlingsID": "Load(behandlingsID)",
		"navn": "Load(navn)",
		"fiktivtPVnummer": "Load(fiktivtPVnummer)",
		"kommuneinddelingKommunekode": "Load(kommuneinddelingKommunekode)",
		"adresseLokalId": "Load(adresseLokalId)",
		"alternativAdresse": {
			"entityType": "AlternativAdresse",
			"attributes": {
				"id_lokalId": "Load(alternativAdresseLokalId)",
				"status": "Load(alternativAdresse_status)",
				"adresselinje1": "Load(adresselinje1)",
				"adresselinje2": "Load(adresselinje2)",
				"adresselinje3": "Load(adresselinje3)",
				"adresselinje4": "Load(adresselinje4)",
				"adresselinje5": "Load(adresselinje5)",
				"adresselinje6": "Load(adresselinje6)",
				"adresselinje7": "Load(adresselinje7)",
				"adresselinje8": "Load(adresselinje8)",
				"adresselinje9": "Load(adresselinje9)",
				"adresselinje10": "Load(adresselinje10)",
				"landeKodeNumerisk": "Load(landeKodeNumerisk)"
			}
		}
	}
}