{
  "entityType": "PersonEllerVirksomhedsadmini",
  "attributes": {
    "forretningshaendelse": "Load(forretningshaendelse)",
	"forretningsomraade": "Load(forretningsomraade)",
	"forretningsproces": "Load(forretningsproces)",
	"id_namespace": "Load(id_namespace)",
	"id_lokalId": "Load(id_lokalId)",
	"registreringFra": "Load(registreringFra)",
    "registreringTil": "Load(registreringTil)",
	"registreringsaktoer": "Load(registreringsaktoer)",
	"status": "Load(status)",
	"virkningFra": "Load(virkningFra)",
	"virkningTil": "Load(virkningTil)",
	"virkningsaktoer": "Load(virkningsaktoer)",
	"behandlingsID": "Load(behandlingsID)",
	"produktionsenhedPNr": "Load(produktionsenhedPNr)",
	"virksomhedCVRNr": "Load(virksomhedCVRNr)",
	"administreretVirksomCVRNr": "Load(administreretVirksomCVRNr)",
	"personVirksomhedOplysLokalId": "Load(personVirksomhedOplysLokalId)",
	"administreretPersonPersonNr": "Load(administreretPersonPersonNr)",
	"personPersonNr": "Load(personPersonNr)",
	"personVirksomOplLokalId": "Load(personVirksomOplLokalId)"
  }
}

