<?xml version="1.0" encoding="utf-8"?>
<PersonEllerVirksomhedsadmini xmlns="http://data.gov.dk/schemas/ejerfortegnelsen/1/payload/PersonEllerVirksomhedsadmini" xmlns:xsi="http://www.w3.org/2001/XMLSchema-instance">
	<id_namespace>Load(id_namespace)</id_namespace>
	<id_lokalId>Load(id_lokalId)</id_lokalId>
	<forretningshaendelse>Load(forretningshaendelse)</forretningshaendelse>
	<forretningsomraade>Load(forretningsomraade)</forretningsomraade>
	<forretningsproces>Load(forretningsproces)</forretningsproces>
	<status>Load(status)</status>
	<registreringFra>Load(registreringFra)</registreringFra>
	<registreringTil>Load(registreringTil)</registreringTil>
	<registreringsaktoer>Load(registreringsaktoer)</registreringsaktoer>
	<virkningFra>Load(virkningFra)</virkningFra>
	<virkningTil>Load(virkningTil)</virkningTil>
	<virkningsaktoer>Load(virkningsaktoer)</virkningsaktoer>
	<personVirksomhedOplysLokalId>Load(personVirksomhedOplysLokalId)</personVirksomhedOplysLokalId>
	<administreretPersonPersonNr>Load(administreretPersonPersonNr)</administreretPersonPersonNr>
	<virksomhedCVRNr>Load(virksomhedCVRNr)</virksomhedCVRNr>
	<produktionsenhedPNr>Load(produktionsenhedPNr)</produktionsenhedPNr>
	<administreretVirksomCVRNr>Load(administreretVirksomCVRNr)</administreretVirksomCVRNr>
	<personPersonNr>Load(personPersonNr)</personPersonNr>
	<personVirksomOplLokalId>Load(personVirksomOplLokalId)</personVirksomOplLokalId>
	<behandlingsID>Load(behandlingsID)</behandlingsID>
</PersonEllerVirksomhedsadmini>
