<?xml version="1.0" encoding="utf-8"?>
<PersonVirksomhedsoplys xmlns="http://data.gov.dk/schemas/ejerfortegnelsen/1/payload/PersonVirksomhedsoplys" xmlns:xsi="http://www.w3.org/2001/XMLSchema-instance">
	<id_namespace>Load(id_namespace)</id_namespace>
	<id_lokalId>Load(id_lokalId)</id_lokalId>
	<forretningshaendelse>Load(forretningshaendelse)</forretningshaendelse>
	<forretningsomraade>Load(forretningsomraade)</forretningsomraade>
	<forretningsproces>Load(forretningsproces)</forretningsproces>
	<status>Load(status)</status>
	<registreringFra>Load(registreringFra)</registreringFra>
	<registreringTil>Load(registreringTil)</registreringTil>
	<registreringsaktoer>Load(registreringsaktoer)</registreringsaktoer>
	<virkningFra>Load(virkningFra)</virkningFra>
	<virkningTil>Load(virkningTil)</virkningTil>
	<virkningsaktoer>Load(virkningsaktoer)</virkningsaktoer>
	<navn>Load(navn)</navn>
	<fiktivtPVnummer>Load(fiktivtPVnummer)</fiktivtPVnummer>
	<adresseLokalId>Load(adresseLokalId)</adresseLokalId>
	<kommuneinddelingKommunekode>Load(kommuneinddelingKommunekode)</kommuneinddelingKommunekode>
	<behandlingsID>Load(behandlingsID)</behandlingsID>
	<alternativAdresse>
		<id_lokalId>Load(alternativAdresseLokalId)</id_lokalId>
		<status>Load(alternativAdresse_status</status>
		<adresselinje1>Load(adresselinje1)</adresselinje1>
		<adresselinje2>Load(adresselinje2)</adresselinje2>
		<adresselinje3>Load(adresselinje3)</adresselinje3>
		<adresselinje4>Load(adresselinje4)</adresselinje4>
		<adresselinje5>Load(adresselinje5)</adresselinje5>
		<adresselinje6>Load(adresselinje6)</adresselinje6>
		<adresselinje7>Load(adresselinje7)</adresselinje7>
		<adresselinje8>Load(adresselinje8)</adresselinje8>
		<adresselinje9>Load(adresselinje9)</adresselinje9>
		<adresselinje10>Load(adresselinje10)</adresselinje10>
		<landeKodeNumerisk>Load(landeKodeNumerisk)</landeKodeNumerisk>
	</alternativAdresse>
</PersonVirksomhedsoplys>
