<?xml version="1.0" encoding="UTF-8"?>
<Haendelse>
	<FuldtAnsvarligDeltagerRelation> 										<!-- EAID_2BD2D677_F932_48ab_9C30_2990CAF229BF -->
		<deltagendeEnhedsId>Load(deltagendeEnhedsId)</deltagendeEnhedsId> 	<!-- EAID_64803AC1_B02E_4f9c_9C51_60EB37BC1E3B -->
		<VirkningFra>Load(VirkningFra)</VirkningFra> 						<!-- EAID_4B0F3355_F908_4ffb_98B9_9AF6562BA419 -->
		<VirkningTil>Load(VirkningTil)</VirkningTil> 						<!-- EAID_3DA2AE8A_8C72_4d0a_91B9_CBFB1AE1079E -->
		<CVREnhedsId>Load(CVREnhedsId)</CVREnhedsId> 						<!-- EAID_C7FCF2D9_4FC5_4e80_8786_74CD9BA29243.EAID_A09EF54A_A9A3_413b_94C2_805EFA701A52 -->
		<Forretningshaendelse>Load(Feltliste)</Forretningshaendelse> 
		<Status>Constant(aktiv)</Status> 										<!-- EAID_C7FCF2D9_4FC5_4e80_8786_74CD9BA29243.EAID_5870EBD0_F241_4fcf_8ADD_5EF56DBAB21D -->
	</FuldtAnsvarligDeltagerRelation>
</Haendelse>
