{
	"Haendelse": {
		"Navn": {												/* EAID_E80306A1_C877_4db4_B4EF_5E9C7A24D22E */
			"Vaerdi": "Load(Vaerdi)",							/* EAID_144A417F_EA68_4352_A9CC_EFF3978E2D8F */
			"VirkningFra": "Load(VirkningFra)",					/* EAID_7A6FFFE2_FE7A_4b79_A459_41520425CCEB */
			"VirkningTil": "Load(VirkningTil)",					/* EAID_DBD6F448_CB6B_4645_8181_B8FBC8E9C4F1 */
			"CVREnhedsId": "Load(CVREnhedsId)",					/* EAID_C7FCF2D9_4FC5_4e80_8786_74CD9BA29243.EAID_A09EF54A_A9A3_413b_94C2_805EFA701A52 */
			"Forretningshaendelse":"Load(Feltliste)",
			"Status": "Constant(aktiv)"							/* EAID_C7FCF2D9_4FC5_4e80_8786_74CD9BA29243.EAID_5870EBD0_F241_4fcf_8ADD_5EF56DBAB21D */
		}
	}
}