{
  "type": "array",
  "items": {
    "description": "EAID_ED29C19B_42B9_4764_B760_A02D8F0EE8F8",
    "type": "object",
    "properties": {
      "datafordelerOpdateringstid": {
        "title": "datafordelerOpdateringstid",
        "type": "string",
        "description": "UpdateTimestamp()",
        "format": "date-time"
      },
      "forretningshændelse": {
        "description": "EAID_50066AF4_06D9_4f3a_BAC2_5F83ABF0E335",
        "type": [
          "string",
          "null"
        ]
      },
      "forretningsområde": {
        "description": "EAID_C91552B7_18C0_4e28_8B06_F60332A8776B",
        "type": [
          "string",
          "null"
        ]
      },
      "forretningsproces": {
        "description": "EAID_E4132152_7923_4533_8529_5E8D8C937656",
        "type": [
          "string",
          "null"
        ]
      },
      "id_lokalId": {
        "description": "EAID_F8196C58_7115_48a6_9A1D_B49BC0F6289A.EAID_9AB90AE0_9F85_4164_9B25_8EB2139D65A5",
        "type": [
          "string",
          "null"
        ]
      },
      "id_namespace": {
        "description": "EAID_F8196C58_7115_48a6_9A1D_B49BC0F6289A.EAID_6CEB0356_5CBF_4159_B96B_A2489DD2DAC8",
        "type": [
          "string",
          "null"
        ]
      },
      "kommunekode": {
        "description": "EAID_C95C717A_752C_4b17_B647_850738975CAC",
        "type": [
          "string",
          "null"
        ]
      },
      "registreringFra": {
        "description": "EAID_7A7F26D9_D5AE_4158_A7FF_3E6EF0B228D8",
        "type": [
          "string",
          "null"
        ],
        "format": "date-time"
      },
      "registreringsaktør": {
        "description": "EAID_B3CCBA6B_52B2_4ddc_A751_ABEA39D6EE6B",
        "type": [
          "string",
          "null"
        ]
      },
      "registreringTil": {
        "description": "EAID_E718B937_950A_4ea1_BFA0_2AE9DB8C43AD",
        "type": [
          "string",
          "null"
        ],
        "format": "date-time"
      },
      "sag001Byggesagsnummer": {
        "description": "EAID_E140451A_2036_45e2_90BD_4E5A0BF90D0F",
        "type": [
          "string",
          "null"
        ]
      },
      "sag002Byggesagsdato": {
        "description": "EAID_D8ED0D23_B832_4ad1_8F58_61960AD3ABE1",
        "type": [
          "string",
          "null"
        ],
        "format": "date-time"
      },
      "sag003Byggetilladelsesdato": {
        "description": "EAID_A7088332_3D4D_41ac_B605_2D19D7E323A2",
        "type": [
          "string",
          "null"
        ],
        "format": "date-time"
      },
      "sag004ForventetPåbegyndelsesdato": {
        "description": "EAID_52477D8B_E38B_437e_BBC4_1CFC01AFB6FE",
        "type": [
          "string",
          "null"
        ],
        "format": "date-time"
      },
      "sag005Påbegyndelsesdato": {
        "description": "EAID_CB256EE7_79C5_4a0e_99B7_B4D0791D1433",
        "type": [
          "string",
          "null"
        ],
        "format": "date-time"
      },
      "sag006IbrugtagningsTilladelse": {
        "description": "EAID_D4341684_983F_46ed_9A80_5636E32E9225",
        "type": [
          "string",
          "null"
        ],
        "format": "date-time"
      },
      "sag007Henlæggelse": {
        "description": "EAID_76DA68F2_FEBE_4722_80A9_2DDBD1F344AE",
        "type": [
          "string",
          "null"
        ],
        "format": "date-time"
      },
      "sag008FærdigtBygningsareal": {
        "description": "EAID_314537D6_8C7E_4832_99AD_420B35201F94",
        "type": [
          "integer",
          "null"
        ]
      },
      "sag009ForventetFuldførtDato": {
        "description": "EAID_295DF59C_5C6E_41e2_B746_B4F51D2EFF26",
        "type": [
          "string",
          "null"
        ],
        "format": "date-time"
      },
      "sag010FuldførelseAfByggeri": {
        "description": "EAID_DCB9D69B_7898_4d92_9244_661E916420BF",
        "type": [
          "string",
          "null"
        ],
        "format": "date-time"
      },
      "sag012Byggesagskode": {
        "description": "EAID_AC6C18C4_0FD4_4c96_9A19_83EDA072297A",
        "type": [
          "string",
          "null"
        ]
      },
      "sag013AnmeldelseAfByggearbejde": {
        "description": "EAID_B1DB1566_F2E8_4e4c_A40F_31BA0E9BDAD1",
        "type": [
          "string",
          "null"
        ],
        "format": "date-time"
      },
      "sag016DelvisIbrugtagningsTilladelse": {
        "description": "EAID_23F221CD_5D00_49e7_B0BB_327521368087",
        "type": [
          "string",
          "null"
        ],
        "format": "date-time"
      },
      "sag017ForeløbigFærdiggjortBygningsareal": {
        "description": "EAID_68E3D8A3_F1AD_4983_B98D_11F41EE40056",
        "type": [
          "integer",
          "null"
        ]
      },
      "sag018ForeløbigFærdiggjortAntalLejligheder": {
        "description": "EAID_7E080221_F45F_41fe_8F97_BCEF56D5F6F3",
        "type": [
          "integer",
          "null"
        ]
      },
      "sag019Bygherreforhold": {
        "description": "EAID_A6E6C081_BB14_49fd_998E_EC5EDAE8F3ED",
        "type": [
          "string",
          "null"
        ]
      },
      "sag024DatoForModtagelseAfAnsøgningOmByggetilladelse": {
        "description": "EAID_E58EC61F_9EE0_4372_B8BA_2C2320428FB8",
        "type": [
          "string",
          "null"
        ],
        "format": "date-time"
      },
      "sag025DatoForFyldestgørendeAnsøgning": {
        "description": "EAID_8D2B8BFE_8624_4efc_A959_B44DD502E7AB",
        "type": [
          "string",
          "null"
        ],
        "format": "date-time"
      },
      "sag026DatoForNaboorientering": {
        "description": "EAID_7FE5B566_4D94_4f8c_AD14_EDEF080526FE",
        "type": [
          "string",
          "null"
        ],
        "format": "date-time"
      },
      "sag027DatoForFærdigbehandlingAfNaboorientering": {
        "description": "EAID_89FC5530_E331_406b_9D4B_08196CD1A185",
        "type": [
          "string",
          "null"
        ],
        "format": "date-time"
      },
      "sag032Litra": {
        "description": "EAID_884D4C3C_7D4B_435d_AEF6_4A0A2748BD13",
        "type": [
          "string",
          "null"
        ]
      },
      "sag033ForeløbigFærdiggjortAntalLejlighederUdenKøkken": {
        "description": "EAID_E93C5D1F_538F_4f9f_84EB_0DF7F9D877C2",
        "type": [
          "integer",
          "null"
        ]
      },
      "status": {
        "description": "EAID_6FAA8A1A_5BCF_4950_B220_F4AFCA7F35E3",
        "type": [
          "string",
          "null"
        ]
      },
      "virkningFra": {
        "description": "EAID_A351A366_2F30_4c3f_B086_7FAA59339C5D",
        "type": [
          "string",
          "null"
        ],
        "format": "date-time"
      },
      "virkningsaktør": {
        "description": "EAID_59A458B1_5844_4fe3_95B1_C38AD3AAFAF4",
        "type": [
          "string",
          "null"
        ]
      },
      "virkningTil": {
        "description": "EAID_47628A51_6589_4f1e_A19F_E9943A136AEC",
        "type": [
          "string",
          "null"
        ],
        "format": "date-time"
      },
      "sagsniveauList": {
        "description": "EAID_26A524FE_84B5_4ab2_B2E8_50E61410CCCA",
        "type": "array",
        "items": {
          "type": "object",
          "properties": {
            "id": {
              "description": "EAID_F8196C58_7115_48a6_9A1D_B49BC0F6289A",
              "type": "string"
            },
            "sagsniveau": {
              "description": "EAID_26A524FE_84B5_4ab2_B2E8_50E61410CCCA",
              "type": "object",
              "properties": {
                "datafordelerOpdateringstid": {
                  "title": "datafordelerOpdateringstid",
                  "type": "string",
                  "description": "UpdateTimestamp()",
                  "format": "date-time"
                },
                "byggesag": {
                  "description": "EAID_dst691B23_BDC2_457d_8AD0_4DC1D7573F28",
                  "type": [
                    "string",
                    "null"
                  ]
                },
                "forretningshændelse": {
                  "description": "EAID_50066AF4_06D9_4f3a_BAC2_5F83ABF0E335",
                  "type": [
                    "string",
                    "null"
                  ]
                },
                "forretningsområde": {
                  "description": "EAID_C91552B7_18C0_4e28_8B06_F60332A8776B",
                  "type": [
                    "string",
                    "null"
                  ]
                },
                "forretningsproces": {
                  "description": "EAID_E4132152_7923_4533_8529_5E8D8C937656",
                  "type": [
                    "string",
                    "null"
                  ]
                },
                "id_lokalId": {
                  "description": "EAID_F8196C58_7115_48a6_9A1D_B49BC0F6289A.EAID_9AB90AE0_9F85_4164_9B25_8EB2139D65A5",
                  "type": [
                    "string",
                    "null"
                  ]
                },
                "id_namespace": {
                  "description": "EAID_F8196C58_7115_48a6_9A1D_B49BC0F6289A.EAID_6CEB0356_5CBF_4159_B96B_A2489DD2DAC8",
                  "type": [
                    "string",
                    "null"
                  ]
                },
                "kommunekode": {
                  "description": "EAID_C95C717A_752C_4b17_B647_850738975CAC",
                  "type": [
                    "string",
                    "null"
                  ]
                },
                "niveautype": {
                  "description": "EAID_06BECD20_B0AF_4b97_8E33_A5A2A5FD0E06",
                  "type": [
                    "string",
                    "null"
                  ]
                },
                "registreringFra": {
                  "description": "EAID_7A7F26D9_D5AE_4158_A7FF_3E6EF0B228D8",
                  "type": [
                    "string",
                    "null"
                  ],
                  "format": "date-time"
                },
                "registreringsaktør": {
                  "description": "EAID_B3CCBA6B_52B2_4ddc_A751_ABEA39D6EE6B",
                  "type": [
                    "string",
                    "null"
                  ]
                },
                "registreringTil": {
                  "description": "EAID_E718B937_950A_4ea1_BFA0_2AE9DB8C43AD",
                  "type": [
                    "string",
                    "null"
                  ],
                  "format": "date-time"
                },
                "sagsdataBygning": {
                  "description": "EAID_dstC79896_F2B3_4191_ABFD_40ADB0F5D553",
                  "type": [
                    "string",
                    "null"
                  ]
                },
                "sagsdataEnhed": {
                  "description": "EAID_dstE83EDB_37E2_444c_B8FD_DC3EFD442BF5",
                  "type": [
                    "string",
                    "null"
                  ]
                },
                "sagsdataEtage": {
                  "description": "EAID_dst1BC869_614E_41c3_9B97_43BCD8640B7E",
                  "type": [
                    "string",
                    "null"
                  ]
                },
                "sagsdataGrund": {
                  "description": "EAID_dst8FCDB6_C960_43a6_93E3_9C5E6CD6EA95",
                  "type": [
                    "string",
                    "null"
                  ]
                },
                "sagsdataOpgang": {
                  "description": "EAID_dst6B37D4_E395_49b7_93BE_ED19EE7228B2",
                  "type": [
                    "string",
                    "null"
                  ]
                },
                "sagsdataTekniskAnlæg": {
                  "description": "EAID_dst4FBB79_2242_4424_8583_50ED2E237F11",
                  "type": [
                    "string",
                    "null"
                  ]
                },
                "sagstype": {
                  "description": "EAID_5A063470_2D13_4a5b_A56A_0073085FFC9B",
                  "type": [
                    "string",
                    "null"
                  ]
                },
                "stamdataBygning": {
                  "description": "EAID_dstA6507B_AC9B_4292_BC5C_247F3AAF8E36",
                  "type": [
                    "string",
                    "null"
                  ]
                },
                "stamdataEnhed": {
                  "description": "EAID_dst2C30E4_11C3_4d94_8336_B87025F0C28C",
                  "type": [
                    "string",
                    "null"
                  ]
                },
                "stamdataEtage": {
                  "description": "EAID_dstDE669B_8642_4df9_B8E9_108EDA783EFE",
                  "type": [
                    "string",
                    "null"
                  ]
                },
                "stamdataGrund": {
                  "description": "EAID_dstD5F84B_B28D_436b_A95C_EF514341227C",
                  "type": [
                    "string",
                    "null"
                  ]
                },
                "stamdataOpgang": {
                  "description": "EAID_dstE79DA4_1B42_4292_A54C_17FEB486558C",
                  "type": [
                    "string",
                    "null"
                  ]
                },
                "stamdataTekniskAnlæg": {
                  "description": "EAID_dst6BB57E_DF69_4d6c_B5D6_F941B00933C7",
                  "type": [
                    "string",
                    "null"
                  ]
                },
                "status": {
                  "description": "EAID_6FAA8A1A_5BCF_4950_B220_F4AFCA7F35E3",
                  "type": [
                    "string",
                    "null"
                  ]
                },
                "virkningFra": {
                  "description": "EAID_A351A366_2F30_4c3f_B086_7FAA59339C5D",
                  "type": [
                    "string",
                    "null"
                  ],
                  "format": "date-time"
                },
                "virkningsaktør": {
                  "description": "EAID_59A458B1_5844_4fe3_95B1_C38AD3AAFAF4",
                  "type": [
                    "string",
                    "null"
                  ]
                },
                "virkningTil": {
                  "description": "EAID_47628A51_6589_4f1e_A19F_E9943A136AEC",
                  "type": [
                    "string",
                    "null"
                  ],
                  "format": "date-time"
                }
              }
            }
          },
          "required": [
            "id_lokalId"
          ]
        }
      }
    },
    "required": [
      "id_lokalId"
    ]
  }
}