{
	"$schema":"http://json-schema.org/draft-04/schema#",
	"id":"http://localhost/json-schemas/dar/Adresse.json",
	"title":"Adresse",
	"description":"EAID_6043F4D9_C4CA_44d0_BE88_027166A8B008",
	"type":["object","null"],
	"properties":{
		"entityType":{
			"title":"feature/object type",
			"type":"string",
			"default":"Adresse"
		},
		"attributes":{
			"title":"feature attributes",
			"type":"object",
			"properties":{
				"forretningshændelse":{
					"title":"forretningshændelse",
					"description":"EAID_1CE948DD_FC3D_4638_8913_A2D35A00F64D",
					"type":"string"
				},
				"forretningsområde":{
					"title":"forretningsområde",
					"description":"EAID_C955CFEC_E2A0_47da_9F76_6452FCC9E4E2",
					"type":"string"
				},
				"forretningsproces":{
					"title":"forretningsproces",
					"description":"EAID_A9A40479_E58D_4c7a_A0EA_F8EC4829ECAC",
					"type":"string"
				},
				"id_namespace":{
					"title":"id_namespace",
					"description":"EAID_D273E3D8_A3F4_41bc_AF9C_E67B4A29C008.EAID_6CEB0356_5CBF_4159_B96B_A2489DD2DAC8",
					"type":"string"
				},
				"id_lokalId":{
					"title":"id_lokalId",
					"description":"EAID_D273E3D8_A3F4_41bc_AF9C_E67B4A29C008.EAID_9AB90AE0_9F85_4164_9B25_8EB2139D65A5",
					"type":"string"
				},
				"registreringFra":{
					"title":"registreringFra",
					"description":"EAID_96862BAA_95CA_46aa_A6A0_757327A10BF7",
					"type":"string",
					"format":"date-time"
				},
				"registreringsaktør":{
					"title":"registreringsaktør",
					"description":"EAID_9F724D2B_7763_4997_8C85_580610BABC1F",
					"type":"string"
				},
				"registreringTil":{
					"title":"registreringTil",
					"description":"EAID_301BF58F_26E7_4d1f_B7B6_3881F8C1B0A5",
					"type":"string",
					"format":"date-time"
				},
				"status":{
					"title":"status",
					"description":"EAID_22AF1E6A_73A8_4c89_96EB_C307235DFD19",
					"type":"string"
				},
				"virkningFra":{
					"title":"virkningFra",
					"description":"EAID_AB768062_FD24_4960_8AA1_C6BFF90C00C5",
					"type":"string",
					"format":"date-time"
				},
				"virkningsaktør":{
					"title":"virkningsaktør",
					"description":"EAID_8E60197F_D857_47c6_8611_75B63D0940FD",
					"type":"string"
				},
				"virkningTil":{
					"title":"virkningTil",
					"description":"EAID_3058C5FD_9824_48ba_B62C_C24587BF6537",
					"type":"string",
					"format":"date-time"
				},
				"adressebetegnelse":{
					"title":"adressebetegnelse",
					"description":"EAID_BB398854_F92E_4372_A20A_D7136BB5CD9C",
					"type":"string"
				}
			}
		}
	}
}
